relName,AvgWMC,CCMax,CDE,CIE,NTM,SDMC,WMC,AvgSLOC,NA,NAIMP,NCM,NIM,NLM,NM,NMIMP,NMNpub,Nmpub,NumPara,loc,stms,AID,CLD,DIT,DP,DPA,DPD,NMA,NMI,NMO,NOA,NOC,NOD,NOP,PII,SIX,SP,SPA,SPD,CBO,DAC,DACquote,ICP,IHICP,NIHICP,bug,bugDensity,type
src/java/org/apache/commons/io/FileSystemUtils.java,4.28571428571429,12,4.01867262255103,5.6292102722805,4,4.13052351280027,30,20.7142857142857,8,8,2,5,7,7,7,0,7,10,184,116,0,1,0,16,0,16,7,0,0,0,17,17,0,0.0,0.0,1,0,1,2,2,2,4,0,4,1,0.0054347826086956,NON
src/java/org/apache/commons/io/FileUtils.java,3.2558139534883703,9,4.98556685489232,6.311496488434581,13,2.21089294026049,140,12.9302325581395,4,4,42,1,43,43,43,6,37,87,562,374,0,0,0,0,0,0,43,0,0,0,0,0,0,0.0,0.0,0,0,0,8,1,1,72,0,72,1,0.0017793594306049,NON
src/java/org/apache/commons/io/output/LockableFileWriter.java,1.61111111111111,6,3.98341352359439,5.02986339734391,14,1.3391078659104398,29,6.388888888888888,3,3,0,18,18,18,18,3,15,33,120,81,1,0,1,0,0,0,18,0,0,1,0,0,1,0.157894736842105,0.0,0,0,0,2,3,3,16,0,16,1,0.0083333333333333,NON
src/java/org/apache/commons/io/IOUtils.java,2.14893617021277,6,4.768866099549781,5.3163387089953495,17,1.2712654677693302,101,7.78723404255319,9,9,46,1,47,47,47,0,47,90,381,243,0,0,0,0,0,0,47,0,0,0,0,0,0,0.0,0.0,0,0,0,2,5,3,10,0,10,0,0.0,NON
src/java/org/apache/commons/io/LineIterator.java,2.25,7,4.110093477608023,4.569543545355192,4,1.92028643696715,18,7.5,3,3,1,7,8,8,8,1,7,4,65,45,0,1,0,1,0,1,8,0,0,0,1,1,0,0.0,0.0,0,0,0,1,2,2,0,0,0,0,0.0,NON
src/java/org/apache/commons/io/filefilter/AgeFileFilter.java,1.14285714285714,2,3.0403912774207003,3.4604664985862703,6,0.349927106111883,8,3.28571428571429,2,2,0,7,7,8,7,0,7,10,27,19,1,0,1,1,1,0,6,1,1,1,0,0,1,0.6428571428571429,0.125,0,0,0,1,0,0,3,0,3,0,0.0,NON
src/java/org/apache/commons/io/filefilter/FileFilterUtils.java,1.18181818181818,3,4.120387205553819,4.91353838070041,20,0.5749595745760689,26,3.68181818181818,2,2,21,1,22,22,22,0,22,24,85,54,0,0,0,0,0,0,22,0,0,0,0,0,0,0.0,0.0,0,0,0,13,0,0,38,0,38,0,0.0,NON
src/java/org/apache/commons/io/filefilter/SizeFileFilter.java,1.6666666666666698,2,2.62581458369391,2.80459652970245,1,0.471404520791032,5,4.66666666666667,2,2,0,3,3,4,3,0,3,4,18,13,1,0,1,1,1,0,2,1,1,1,0,0,1,0.6111111111111109,0.25,0,0,0,0,0,0,0,0,0,0,0.0,NON
