relName,AvgWMC,CCMax,CDE,CIE,NTM,SDMC,WMC,AvgSLOC,NA,NAIMP,NCM,NIM,NLM,NM,NMIMP,NMNpub,Nmpub,NumPara,loc,stms,AID,CLD,DIT,DP,DPA,DPD,NMA,NMI,NMO,NOA,NOC,NOD,NOP,PII,SIX,SP,SPA,SPD,CBO,DAC,DACquote,ICP,IHICP,NIHICP,bug,bugDensity,type
src/com/ecyrd/jspwiki/FileSystemProvider.java,2.46153846153846,11,4.74513070545051,6.17094728809217,8,2.9251005141279305,32,13.6923076923077,4,4,0,13,13,13,13,3,10,17,213,129,0,1,0,1,0,1,13,0,0,0,1,1,0,0.0,0.0,4,0,4,7,4,2,14,0,14,0,0.0,NON
src/com/ecyrd/jspwiki/RCSFileProvider.java,3.2,5,4.00162916738782,5.97232917485737,0,1.16619037896906,16,28.2,15,11,0,5,5,16,5,0,5,11,156,108,1,0,1,1,1,0,4,11,1,1,0,0,1,0.1611111111111109,0.0625,4,4,0,3,11,2,49,21,28,0,0.0,NON
src/com/ecyrd/jspwiki/Release.java,0.0,0,3.0,0.0,0,0.0,0,0.0,7,7,0,0,0,0,0,0,0,0,11,8,0,0,0,0,0,0,0,0,0,0,0,0,0,0.0,0.0,0,0,0,0,4,1,0,0,0,0,0.0,NON
src/com/ecyrd/jspwiki/TranslatorReader.java,4.54166666666667,22,5.18969336896027,5.87057336978829,4,4.60958391711105,109,22.0,20,20,3,21,24,24,24,17,7,34,551,344,1,0,1,0,0,0,24,0,0,1,0,0,1,0.16,0.0,0,0,0,1,8,7,7,0,7,0,0.0,NON
src/com/ecyrd/jspwiki/WikiEngine.java,2.25,6,4.76740046945845,6.663544751193041,10,1.4047114599498,63,11.142857142857098,10,10,2,26,28,28,28,5,23,36,326,206,0,1,0,1,0,1,28,0,0,0,1,1,0,0.0,0.0,0,0,0,8,8,4,34,0,34,1,0.0030674846625766,NON
