relName,AvgWMC,CCMax,CDE,CIE,NTM,SDMC,WMC,AvgSLOC,NA,NAIMP,NCM,NIM,NLM,NM,NMIMP,NMNpub,Nmpub,NumPara,loc,stms,AID,CLD,DIT,DP,DPA,DPD,NMA,NMI,NMO,NOA,NOC,NOD,NOP,PII,SIX,SP,SPA,SPD,CBO,DAC,DACquote,ICP,IHICP,NIHICP,bug,bugDensity,type
src/java/org/apache/commons/digester/CallMethodRule.java,3.13333333333333,16,3.94992233255738,4.60227118728199,7,3.6672726771933504,47,12.733333333333302,8,6,0,15,15,21,15,0,15,25,199,150,1,0,1,4,4,0,11,6,4,1,0,0,1,0.286111111111111,0.19047619047619,1,1,0,1,4,2,10,2,8,0,0.0,NON
src/java/org/apache/commons/digester/Digester.java,1.78703703703704,16,6.14688812876098,6.855505838434299,71,2.02324878976732,193,7.05555555555556,27,27,0,108,108,108,108,4,104,162,796,492,1,1,1,5,0,5,108,0,0,1,1,1,1,0.165137614678899,0.0,1,0,1,15,21,11,76,0,76,0,0.0,NON
src/java/org/apache/commons/digester/ExtendedBaseRules.java,6.25,22,3.68556720202412,5.4032190164688885,3,9.09326673973661,25,28.75,6,2,0,4,4,12,4,2,2,9,119,81,1,0,1,2,2,0,2,8,2,1,0,0,1,0.3444444444444439,0.166666666666667,0,0,0,1,1,1,4,3,1,0,0.0,NON
src/java/org/apache/commons/digester/RulesBase.java,2.2,7,4.06086168398866,4.9487799288834005,7,2.03960780543711,22,7.6,4,4,0,10,10,10,10,1,9,9,82,57,0,1,0,2,0,2,10,0,0,0,1,1,0,0.0,0.0,1,0,1,2,4,4,4,0,4,0,0.0,NON
src/java/org/apache/commons/digester/SetPropertiesRule.java,3.14285714285714,11,3.4013264559540497,4.73274244240866,4,3.39867921524866,22,12.857142857142902,4,2,0,7,7,16,7,0,7,8,94,78,1,0,1,1,1,0,6,9,1,1,0,0,1,0.176190476190476,0.0625,0,0,0,1,2,1,2,0,2,0,0.0,NON
src/java/org/apache/commons/digester/xmlrules/DigesterRuleParser.java,1.0,1,6.18292664114422,4.291509697745971,8,0.0,8,6.625,6,5,0,8,8,9,8,2,6,8,278,190,1,0,1,1,1,0,7,1,1,1,0,0,1,0.3125,0.111111111111111,0,0,0,13,5,4,114,0,114,0,0.0,NON
