"dataset","nrow_test_data","len_same_id_in_source_code","len_same_id_in_dataset","ratio","tp","fp","tn","fn","positive","negative","pos_ratio","neg_ratio","class_ratio","class_ratio_noDup"
"ECLIPSE-2007",9240.5,2625.5,2038.5,22.5426372,1.5,50.5,1976,10.5,52,1986.5,2.55078712890586,97.4492128710941,6.9961368768819,5.4447473647434
"IND-JLMIV+R-2020",393.577030812325,342.33893557423,203.974789915966,41.2221204820728,5.87114845938375,0.593837535014006,197.442577030812,0.0672268907563025,6.46498599439776,197.509803921569,3.48069438533415,96.5193056146659,31.2694048155655,20.3157589517671
"JIRA-HA-2019",2629.30434782609,1203.91304347826,1019.5652173913,39.601885426087,17.7391304347826,16.1304347826087,977.565217391304,8.1304347826087,33.8695652173913,985.695652173913,4.13737260026305,95.8626273997369,16.3982836187188,11.7721047064146
"JIRA-RA-2019",2629.30434782609,1202.30434782609,1018.4347826087,39.5602613608696,10,21.0869565217391,964.130434782609,23.2173913043478,31.0869565217391,987.347826086957,3.26166279202851,96.7383372079715,13.3689981020389,8.6380311670586
"MA-SZZ-2020",613.355555555556,521.466666666667,425.933333333333,71.7092515977778,53,0.488888888888889,370.6,1.84444444444444,53.4888888888889,372.444444444444,13.1750056156481,86.8249943843519,9.39249831269835,4.30541322354785
"Metrics-Repo-2010",407.806451612903,283.096774193548,132,31.1030164516129,10.0322580645161,35.1935483870968,76.7096774193548,10.0645161290323,45.2258064516129,86.7741935483871,27.7180900317933,72.2819099682067,4.57013506003611,3.72582110996142
"Total",665.652806652807,447.091476091476,305.673596673597,43.1875706746362,11.2952182952183,4.74428274428274,287.220374220374,2.41372141372141,16.039501039501,289.634095634096,6.5379109622324,93.4620890377676,25.5234051828921,16.6063022528396
