relName,AvgWMC,CCMax,CDE,CIE,NTM,SDMC,WMC,AvgSLOC,NA,NAIMP,NCM,NIM,NLM,NM,NMIMP,NMNpub,Nmpub,NumPara,loc,stms,AID,CLD,DIT,DP,DPA,DPD,NMA,NMI,NMO,NOA,NOC,NOD,NOP,PII,SIX,SP,SPA,SPD,CBO,DAC,DACquote,ICP,IHICP,NIHICP,bug,bugDensity,type
src/main/java/org/apache/commons/scxml/io/SCXMLParser.java,1.58064516129032,5,6.934691077004781,6.01744497512111,21,1.00880617878141,49,11.967741935483902,44,44,30,1,31,31,31,20,11,112,706,472,0,0,0,0,0,0,31,0,0,0,0,0,0,0.0,0.0,0,0,0,39,44,1,43,0,43,1,0.0014164305949008,NON
src/main/java/org/apache/commons/scxml/io/SCXMLSerializer.java,4.16666666666667,16,4.164400039822641,5.944304151178651,4,3.78960566696736,75,20.6666666666667,3,3,17,1,18,18,18,3,15,46,378,264,0,0,0,0,0,0,18,0,0,0,0,0,0,0.0,0.0,0,0,0,26,3,2,78,0,78,1,0.0026455026455026,NON
src/main/java/org/apache/commons/scxml/io/ModelUpdater.java,6.375,27,4.5693062984931,6.33635215289868,2,8.12307669543997,51,27.5,15,15,7,1,8,8,8,7,1,11,257,164,0,0,0,0,0,0,8,0,0,0,0,0,0,0.0,0.0,0,0,0,10,15,1,49,0,49,0,0.0,NON
src/main/java/org/apache/commons/scxml/io/SCXMLDigester.java,1.61290322580645,5,6.851883220784121,6.06254533339638,20,1.00570692052386,50,12.0967741935484,41,41,30,1,31,31,31,20,11,111,686,460,0,0,0,0,0,0,31,0,0,0,0,0,0,0.0,0.0,0,0,0,36,41,1,41,0,41,0,0.0,NON
